Symbol,price_date,open_price,high_price,low_price,close_price,adjusted_close,Volume
AAPL,2017-05-16,155.940002,156.059998,154.720001,155.470001,153.090256,20048500
AAPL,2017-05-17,153.600006,154.570007,149.710007,150.250000,147.950150,50767700
AAPL,2017-05-18,151.270004,153.339996,151.130005,152.539993,150.205078,33568200
AAPL,2017-05-19,153.380005,153.979996,152.630005,153.059998,150.717133,26960800
AAPL,2017-05-22,154.000000,154.580002,152.910004,153.990005,151.632904,22966400
AAPL,2017-05-23,154.899994,154.899994,153.309998,153.800003,151.445801,19918900
AAPL,2017-05-24,153.839996,154.169998,152.669998,153.339996,150.992844,19178000
AAPL,2017-05-25,153.729996,154.350006,153.029999,153.869995,151.514725,19235600
AAPL,2017-05-26,154.000000,154.240005,153.309998,153.610001,151.258728,21701100
AAPL,2017-05-30,153.419998,154.429993,153.330002,153.669998,151.317795,20126900
AAPL,2017-05-31,153.970001,154.169998,152.380005,152.759995,150.421722,24451200
AAPL,2017-06-01,153.169998,153.330002,152.220001,153.179993,150.835281,16404100
AAPL,2017-06-02,153.580002,155.449997,152.889999,155.449997,153.070541,27770700
AAPL,2017-06-05,154.339996,154.449997,153.460007,153.929993,151.573807,25331700
AAPL,2017-06-06,153.899994,155.809998,153.779999,154.449997,152.085846,26624900
AAPL,2017-06-07,155.020004,155.979996,154.479996,155.369995,152.991776,21069600
AAPL,2017-06-08,155.250000,155.539993,154.399994,154.990005,152.617584,21250800
AAPL,2017-06-09,155.190002,155.190002,146.020004,148.979996,146.699570,64882700
AAPL,2017-06-12,145.740005,146.089996,142.509995,145.419998,143.194092,72307300
AAPL,2017-06-13,147.160004,147.449997,145.149994,146.589996,144.346161,34165400
AAPL,2017-06-14,147.500000,147.500000,143.839996,145.160004,142.938065,31531200
AAPL,2017-06-15,143.320007,144.479996,142.210007,144.289993,142.081360,32165400
AAPL,2017-06-16,143.779999,144.500000,142.199997,142.270004,140.092300,50361100
AAPL,2017-06-19,143.660004,146.740005,143.660004,146.339996,144.099991,32541400
AAPL,2017-06-20,146.869995,146.869995,144.940002,145.009995,142.790359,24900100
AAPL,2017-06-21,145.520004,146.070007,144.610001,145.869995,143.637177,21265800
AAPL,2017-06-22,145.770004,146.699997,145.119995,145.630005,143.400879,19106300
AAPL,2017-06-23,145.130005,147.160004,145.110001,146.279999,144.040924,35439400
AAPL,2017-06-26,147.169998,148.279999,145.380005,145.820007,143.587967,25692400
AAPL,2017-06-27,145.009995,146.160004,143.619995,143.729996,141.529938,24761900
AAPL,2017-06-28,144.490005,146.110001,143.160004,145.830002,143.597794,22082400
AAPL,2017-06-29,144.710007,145.130005,142.279999,143.679993,141.480713,31499400
AAPL,2017-06-30,144.449997,144.960007,143.779999,144.020004,141.815506,23024100
AAPL,2017-07-03,144.880005,145.300003,143.100006,143.500000,141.303467,14258300
AAPL,2017-07-05,143.690002,144.789993,142.720001,144.089996,141.884430,21569600
AAPL,2017-07-06,143.020004,143.500000,142.410004,142.729996,140.545258,24128800
AAPL,2017-07-07,142.899994,144.750000,142.899994,144.179993,141.973053,19201700
AAPL,2017-07-10,144.110001,145.949997,143.369995,145.059998,142.839584,21090600
AAPL,2017-07-11,144.729996,145.850006,144.380005,145.529999,143.302399,19781800
AAPL,2017-07-12,145.869995,146.179993,144.820007,145.740005,143.509186,24884500
AAPL,2017-07-13,145.500000,148.490005,145.440002,147.770004,145.508102,25199400
AAPL,2017-07-14,147.970001,149.330002,147.330002,149.039993,146.758636,20132100
AAPL,2017-07-17,148.820007,150.899994,148.570007,149.559998,147.270706,23793500
AAPL,2017-07-18,149.199997,150.130005,148.669998,150.080002,147.782761,17868800
AAPL,2017-07-19,150.479996,151.419998,149.949997,151.020004,148.708359,20923000
AAPL,2017-07-20,151.500000,151.740005,150.190002,150.339996,148.038757,17243700
AAPL,2017-07-21,149.990005,150.440002,148.880005,150.270004,147.969849,26252600
AAPL,2017-07-24,150.580002,152.440002,149.899994,152.089996,149.761978,21493200
AAPL,2017-07-25,151.800003,153.839996,151.800003,152.740005,150.402039,18853900
AAPL,2017-07-26,153.350006,153.929993,153.059998,153.460007,151.111023,15781000
AAPL,2017-07-27,153.750000,153.990005,147.300003,150.559998,148.255402,32476300
AAPL,2017-07-28,149.889999,150.229996,149.190002,149.500000,147.211624,17213700
AAPL,2017-07-31,149.899994,150.330002,148.130005,148.729996,146.453400,19845900
AAPL,2017-08-01,149.100006,150.220001,148.410004,150.050003,147.753204,35368600
AAPL,2017-08-02,159.279999,159.750000,156.160004,157.139999,154.734665,69936800
AAPL,2017-08-03,157.050003,157.210007,155.020004,155.570007,153.188705,27097300
AAPL,2017-08-04,156.070007,157.399994,155.690002,156.389999,153.996140,20559900
AAPL,2017-08-07,157.059998,158.919998,156.669998,158.809998,156.379120,21870300
AAPL,2017-08-08,158.600006,161.830002,158.270004,160.080002,157.629684,36205900
AAPL,2017-08-09,159.259995,161.270004,159.110001,161.059998,158.594666,26131500
AAPL,2017-08-10,159.899994,160.000000,154.630005,155.320007,153.543152,40804300
AAPL,2017-08-11,156.600006,158.570007,156.070007,157.479996,155.678436,26257100
AAPL,2017-08-14,159.320007,160.210007,158.750000,159.850006,158.021317,22122700
AAPL,2017-08-15,160.660004,162.199997,160.139999,161.600006,159.751297,29465500
AAPL,2017-08-16,161.940002,162.509995,160.149994,160.949997,159.108719,27671600
AAPL,2017-08-17,160.520004,160.710007,157.839996,157.860001,156.054092,27940600
AAPL,2017-08-18,157.860001,159.500000,156.720001,157.500000,155.698212,27428100
AAPL,2017-08-21,157.500000,157.889999,155.110001,157.210007,155.411530,26368500
AAPL,2017-08-22,158.229996,160.000000,158.020004,159.779999,157.952118,21604600
AAPL,2017-08-23,159.070007,160.470001,158.880005,159.979996,158.149826,19399100
AAPL,2017-08-24,160.429993,160.740005,158.550003,159.270004,157.447952,19818900
AAPL,2017-08-25,159.649994,160.559998,159.270004,159.860001,158.031189,25480100
AAPL,2017-08-28,160.139999,162.000000,159.929993,161.470001,159.622787,25966000
AAPL,2017-08-29,160.100006,163.119995,160.000000,162.910004,161.046326,29516900
AAPL,2017-08-30,163.800003,163.889999,162.610001,163.350006,161.481277,27269600
AAPL,2017-08-31,163.639999,164.520004,163.479996,164.000000,162.123840,26785100
AAPL,2017-09-01,164.800003,164.940002,163.630005,164.050003,162.173279,16591100
AAPL,2017-09-05,163.750000,164.250000,160.559998,162.080002,160.225815,29468500
AAPL,2017-09-06,162.710007,162.990005,160.520004,161.910004,160.057755,21651700
AAPL,2017-09-07,162.089996,162.240005,160.360001,161.259995,159.415192,21928500
AAPL,2017-09-08,160.860001,161.149994,158.529999,158.630005,156.815277,28611500
AAPL,2017-09-11,160.500000,162.050003,159.889999,161.500000,159.652451,31085900
AAPL,2017-09-12,162.610001,163.960007,158.770004,160.860001,159.019760,71714000
AAPL,2017-09-13,159.869995,159.960007,157.910004,159.649994,157.823593,44907400
AAPL,2017-09-14,158.990005,159.399994,158.089996,158.279999,156.469269,23760700
AAPL,2017-09-15,158.470001,160.970001,158.000000,159.880005,158.050964,49114600
AAPL,2017-09-18,160.110001,160.500000,158.000000,158.669998,156.854813,28269400
AAPL,2017-09-19,159.509995,159.770004,158.440002,158.729996,156.914124,20810600
AAPL,2017-09-20,157.899994,158.259995,153.830002,156.070007,154.284561,52951400
AAPL,2017-09-21,155.800003,155.800003,152.750000,153.389999,151.635208,37511700
AAPL,2017-09-22,151.539993,152.270004,150.559998,151.889999,150.152390,46645400
AAPL,2017-09-25,149.990005,151.830002,149.160004,150.550003,148.827698,44387300
AAPL,2017-09-26,151.779999,153.919998,151.690002,153.139999,151.388062,36660000
AAPL,2017-09-27,153.800003,154.720001,153.539993,154.229996,152.465607,25504200
AAPL,2017-09-28,153.889999,154.279999,152.699997,153.279999,151.526474,22005500
AAPL,2017-09-29,153.210007,154.130005,152.000000,154.119995,152.356857,26299800
AAPL,2017-10-02,154.259995,154.449997,152.720001,153.809998,152.050415,18698800
AAPL,2017-10-03,154.009995,155.089996,153.910004,154.479996,152.712738,16230300
AAPL,2017-10-04,153.630005,153.860001,152.460007,153.479996,151.724197,20163800
AAPL,2017-10-05,154.179993,155.440002,154.050003,155.389999,153.612335,21283800
AAPL,2017-10-06,154.970001,155.490005,154.559998,155.300003,153.523361,17407600
AAPL,2017-10-09,155.809998,156.729996,155.490005,155.839996,154.057175,16262900
AAPL,2017-10-10,156.059998,158.000000,155.100006,155.899994,154.116486,15617000
AAPL,2017-10-11,155.970001,156.979996,155.750000,156.550003,154.759079,16905600
AAPL,2017-10-12,156.350006,157.369995,155.729996,156.000000,154.215363,16125100
AAPL,2017-10-13,156.729996,157.279999,156.410004,156.990005,155.194031,16394200
AAPL,2017-10-16,157.899994,160.000000,157.649994,159.880005,158.050964,24121500
AAPL,2017-10-17,159.779999,160.869995,159.229996,160.470001,158.634216,18997300
AAPL,2017-10-18,160.419998,160.710007,159.600006,159.759995,157.932343,16374200
AAPL,2017-10-19,156.750000,157.080002,155.020004,155.979996,154.195572,42584200
AAPL,2017-10-20,156.610001,157.750000,155.960007,156.250000,154.462494,23974100
AAPL,2017-10-23,156.889999,157.690002,155.500000,156.169998,154.383408,21984300
AAPL,2017-10-24,156.289993,157.419998,156.199997,157.100006,155.302765,17757200
AAPL,2017-10-25,156.910004,157.550003,155.270004,156.410004,154.620682,21207100
AAPL,2017-10-26,157.229996,157.830002,156.779999,157.410004,155.609222,17000500
AAPL,2017-10-27,159.289993,163.600006,158.699997,163.050003,161.184708,44454200
AAPL,2017-10-30,163.889999,168.070007,163.720001,166.720001,164.812729,44700800
AAPL,2017-10-31,167.899994,169.649994,166.940002,169.039993,167.106186,36046800
AAPL,2017-11-01,169.869995,169.940002,165.610001,166.889999,164.980774,33637800
AAPL,2017-11-02,166.600006,168.500000,165.279999,168.110001,166.186829,41393400
AAPL,2017-11-03,174.000000,174.259995,171.119995,172.500000,170.526596,59398600
AAPL,2017-11-06,172.369995,174.990005,171.720001,174.250000,172.256577,35026300
AAPL,2017-11-07,173.910004,175.250000,173.600006,174.809998,172.810165,24361500
AAPL,2017-11-08,174.660004,176.240005,174.330002,176.240005,174.223831,24409500
AAPL,2017-11-09,175.110001,176.100006,173.139999,175.880005,173.867950,29482600
AAPL,2017-11-10,175.110001,175.380005,174.270004,174.669998,173.292511,25145500
AAPL,2017-11-13,173.500000,174.500000,173.399994,173.970001,172.598022,16982100
AAPL,2017-11-14,173.039993,173.479996,171.179993,171.339996,169.988754,24782500
AAPL,2017-11-15,169.970001,170.320007,168.380005,169.080002,167.746582,29158100
AAPL,2017-11-16,171.179993,171.869995,170.300003,171.100006,169.750671,23637500
AAPL,2017-11-17,171.039993,171.389999,169.639999,170.149994,168.808151,21899500
AAPL,2017-11-20,170.289993,170.559998,169.559998,169.979996,168.639496,16262400
AAPL,2017-11-21,170.779999,173.699997,170.779999,173.139999,171.774567,25131300
AAPL,2017-11-22,173.360001,175.000000,173.050003,174.960007,173.580231,25588900
AAPL,2017-11-24,175.100006,175.500000,174.649994,174.970001,173.590149,14026700
AAPL,2017-11-27,175.050003,175.080002,173.339996,174.089996,172.717072,20716800
AAPL,2017-11-28,174.300003,174.869995,171.860001,173.070007,171.705139,26428800
AAPL,2017-11-29,172.630005,172.919998,167.160004,169.479996,168.143433,41666400
AAPL,2017-11-30,170.429993,172.139999,168.440002,171.850006,170.494751,41527200
AAPL,2017-12-01,169.949997,171.669998,168.500000,171.050003,169.701050,39759300
AAPL,2017-12-04,172.479996,172.619995,169.630005,169.800003,168.460922,32542400
AAPL,2017-12-05,169.059998,171.520004,168.399994,169.639999,168.302170,27350200
AAPL,2017-12-06,167.500000,170.199997,166.460007,169.009995,167.677139,28560000
AAPL,2017-12-07,169.029999,170.440002,168.910004,169.320007,167.984711,25673300
AAPL,2017-12-08,170.490005,171.000000,168.820007,169.369995,168.034302,23355200
AAPL,2017-12-11,169.199997,172.889999,168.789993,172.669998,171.308289,35273800
AAPL,2017-12-12,172.149994,172.389999,171.460007,171.699997,170.345932,19409200
AAPL,2017-12-13,172.500000,173.539993,172.000000,172.270004,170.911438,23818400
AAPL,2017-12-14,172.399994,173.130005,171.649994,172.220001,170.861832,20476500
AAPL,2017-12-15,173.630005,174.169998,172.460007,173.970001,172.598022,40169300
AAPL,2017-12-18,174.880005,177.199997,174.860001,176.419998,175.028717,29421100
AAPL,2017-12-19,175.029999,175.389999,174.089996,174.539993,173.163528,27436400
AAPL,2017-12-20,174.869995,175.419998,173.250000,174.350006,172.975037,23475600
AAPL,2017-12-21,174.169998,176.020004,174.100006,175.009995,173.629822,20949900
AAPL,2017-12-22,174.679993,175.419998,174.500000,175.009995,173.629822,16349400
AAPL,2017-12-26,170.800003,171.470001,169.679993,170.570007,169.224838,33185500
AAPL,2017-12-27,170.100006,170.779999,169.710007,170.600006,169.254608,21498200
AAPL,2017-12-28,171.000000,171.850006,170.479996,171.080002,169.730820,16480200
AAPL,2017-12-29,170.520004,170.589996,169.220001,169.229996,167.895416,25999900
AAPL,2018-01-02,170.160004,172.300003,169.259995,172.259995,170.901505,25555900
AAPL,2018-01-03,172.529999,174.550003,171.960007,172.229996,170.871735,29517900
AAPL,2018-01-04,172.539993,173.470001,172.080002,173.029999,171.665436,22434600
AAPL,2018-01-05,173.440002,175.369995,173.050003,175.000000,173.619904,23660000
AAPL,2018-01-08,174.350006,175.610001,173.929993,174.350006,172.975037,20567800
AAPL,2018-01-09,174.550003,175.059998,173.410004,174.330002,172.955200,21584000
AAPL,2018-01-10,173.160004,174.300003,173.000000,174.289993,172.915497,23959900
AAPL,2018-01-11,174.589996,175.490005,174.490005,175.279999,173.897705,18667700
AAPL,2018-01-12,176.179993,177.360001,175.649994,177.089996,175.693420,25418100
AAPL,2018-01-16,177.899994,179.389999,176.139999,176.190002,174.800537,29565900
AAPL,2018-01-17,176.149994,179.250000,175.070007,179.100006,177.687576,34386800
AAPL,2018-01-18,179.369995,180.100006,178.250000,179.259995,177.846313,31193400
AAPL,2018-01-19,178.610001,179.580002,177.410004,178.460007,177.052628,32425100
AAPL,2018-01-22,177.300003,177.779999,176.600006,177.000000,175.604141,27108600
AAPL,2018-01-23,177.300003,179.440002,176.820007,177.039993,175.643814,32689100
AAPL,2018-01-24,177.250000,177.300003,173.199997,174.220001,172.846054,51105100
AAPL,2018-01-25,174.509995,174.949997,170.529999,171.110001,169.760574,41529000
AAPL,2018-01-26,172.000000,172.000000,170.059998,171.509995,170.157425,39143000
AAPL,2018-01-29,170.160004,170.160004,167.070007,167.960007,166.635422,50640400
AAPL,2018-01-30,165.529999,167.369995,164.699997,166.970001,165.653244,46048200
AAPL,2018-01-31,166.869995,168.440002,166.500000,167.429993,166.109604,32478900
AAPL,2018-02-01,167.169998,168.619995,166.759995,167.779999,166.456848,47230800
AAPL,2018-02-02,166.000000,166.800003,160.100006,160.500000,159.234253,86593800
AAPL,2018-02-05,159.100006,163.880005,156.000000,156.490005,155.255890,72738500
AAPL,2018-02-06,154.830002,163.720001,154.000000,163.029999,161.744293,68243800
AAPL,2018-02-07,163.089996,163.399994,159.070007,159.539993,158.281815,51608600
AAPL,2018-02-08,160.289993,161.000000,155.029999,155.149994,153.926437,54390500
AAPL,2018-02-09,157.070007,157.889999,150.240005,156.410004,155.809189,70672600
AAPL,2018-02-12,158.500000,163.889999,157.509995,162.710007,162.084991,60819500
AAPL,2018-02-13,161.949997,164.750000,161.649994,164.339996,163.708725,32549200
AAPL,2018-02-14,163.039993,167.539993,162.880005,167.369995,166.727081,40644900
AAPL,2018-02-15,169.789993,173.089996,169.000000,172.990005,172.325500,51147200
AAPL,2018-02-16,172.360001,174.820007,171.770004,172.429993,171.767639,40176100
AAPL,2018-02-20,172.050003,174.259995,171.419998,171.850006,171.189880,33930500
AAPL,2018-02-21,172.830002,174.119995,171.009995,171.070007,170.412872,37471600
AAPL,2018-02-22,171.800003,173.949997,171.710007,172.500000,171.837372,30991900
AAPL,2018-02-23,173.669998,175.649994,173.539993,175.500000,174.825851,33812400
AAPL,2018-02-26,176.350006,179.389999,176.210007,178.970001,178.282532,38162200
AAPL,2018-02-27,179.100006,180.479996,178.160004,178.389999,177.704758,38928100
AAPL,2018-02-28,179.259995,180.619995,178.050003,178.119995,177.435791,37782100
AAPL,2018-03-01,178.539993,179.779999,172.660004,175.000000,174.327774,48802000
AAPL,2018-03-02,172.800003,176.300003,172.449997,176.210007,175.533142,38454000
AAPL,2018-03-05,175.210007,177.740005,174.520004,176.820007,176.140793,28401400
AAPL,2018-03-06,177.910004,178.250000,176.130005,176.669998,175.991364,23788500
AAPL,2018-03-07,174.940002,175.850006,174.270004,175.029999,174.357666,31703500
AAPL,2018-03-08,175.479996,177.119995,175.070007,176.940002,176.260330,23774100
AAPL,2018-03-09,177.960007,180.000000,177.389999,179.979996,179.288635,32185200
AAPL,2018-03-12,180.289993,182.389999,180.210007,181.720001,181.021957,32207100
AAPL,2018-03-13,182.589996,183.500000,179.240005,179.970001,179.278687,31693500
AAPL,2018-03-14,180.320007,180.520004,177.809998,178.440002,177.754562,29368400
AAPL,2018-03-15,178.500000,180.240005,178.070007,178.649994,177.963745,22743800
AAPL,2018-03-16,178.649994,179.119995,177.619995,178.020004,177.336182,39404700
AAPL,2018-03-19,177.320007,177.470001,173.660004,175.300003,174.626633,33446800
AAPL,2018-03-20,175.240005,176.800003,174.940002,175.240005,174.566864,19649400
AAPL,2018-03-21,175.039993,175.089996,171.259995,171.270004,170.612106,37054900
AAPL,2018-03-22,170.000000,172.679993,168.600006,168.850006,168.201401,41490800
AAPL,2018-03-23,168.389999,169.919998,164.940002,164.940002,164.306427,41028800
AAPL,2018-03-26,168.070007,173.100006,166.440002,172.770004,172.106354,37541200
AAPL,2018-03-27,173.679993,175.149994,166.919998,168.339996,167.693359,40922600
AAPL,2018-03-28,167.250000,170.020004,165.190002,166.479996,165.840500,41668500
AAPL,2018-03-29,167.809998,171.750000,166.899994,167.779999,167.135513,38398500
AAPL,2018-04-02,166.639999,168.940002,164.470001,166.679993,166.039734,37586800
AAPL,2018-04-03,167.639999,168.750000,164.880005,168.389999,167.743164,30278000
AAPL,2018-04-04,164.880005,172.009995,164.770004,171.610001,170.950806,34605500
AAPL,2018-04-05,172.580002,174.229996,172.080002,172.800003,172.136230,26933200
AAPL,2018-04-06,170.970001,172.479996,168.199997,168.380005,167.733215,35005300
AAPL,2018-04-09,169.880005,173.089996,169.850006,170.050003,169.396790,29017700
AAPL,2018-04-10,173.000000,174.000000,171.529999,173.250000,172.584503,28408600
AAPL,2018-04-11,172.229996,173.919998,171.699997,172.440002,171.777618,22431600
AAPL,2018-04-12,173.410004,175.000000,173.039993,174.139999,173.471085,22889300
AAPL,2018-04-13,174.779999,175.839996,173.850006,174.729996,174.058807,25124300
AAPL,2018-04-16,175.029999,176.190002,174.830002,175.820007,175.144638,21578400
AAPL,2018-04-17,176.490005,178.940002,176.410004,178.240005,177.555328,26605400
AAPL,2018-04-18,177.809998,178.820007,176.880005,177.839996,177.156860,20754500
AAPL,2018-04-19,173.759995,175.389999,172.660004,172.800003,172.136230,34808800
AAPL,2018-04-20,170.600006,171.220001,165.429993,165.720001,165.083420,65491100
AAPL,2018-04-23,166.830002,166.919998,164.089996,165.240005,164.605270,36515500
AAPL,2018-04-24,165.669998,166.330002,161.220001,162.940002,162.314102,33692000
AAPL,2018-04-25,162.619995,165.419998,162.410004,163.649994,163.021362,28382100
AAPL,2018-04-26,164.119995,165.729996,163.369995,164.220001,163.589188,27963000
AAPL,2018-04-27,164.000000,164.330002,160.630005,162.320007,161.696487,35655800
AAPL,2018-04-30,162.130005,167.259995,161.839996,165.259995,164.625183,42427400
AAPL,2018-05-01,166.410004,169.199997,165.270004,169.100006,168.450439,53569400
AAPL,2018-05-02,175.229996,177.750000,173.800003,176.570007,175.891754,66539400
AAPL,2018-05-03,175.880005,177.500000,174.440002,176.889999,176.210510,34068200
AAPL,2018-05-04,178.250000,184.250000,178.169998,183.830002,183.123856,56201300
AAPL,2018-05-07,185.179993,187.669998,184.750000,185.160004,184.448746,42451400
AAPL,2018-05-08,184.990005,186.220001,183.669998,186.050003,185.335327,28402800
AAPL,2018-05-09,186.550003,187.399994,185.220001,187.360001,186.640305,23211200
AAPL,2018-05-10,187.740005,190.369995,187.649994,190.039993,189.309998,27989300
AAPL,2018-05-11,189.490005,190.059998,187.449997,188.589996,188.589996,26212200
AAPL,2018-05-14,189.009995,189.529999,187.860001,188.149994,188.149994,20778800
AAPL,2018-05-15,186.779999,187.070007,185.100006,186.440002,186.440002,23492400
AAPL,2018-05-16,186.070007,188.373505,186.000000,188.210007,188.210007,10841746
FB,2017-05-16,150.110001,150.210007,149.029999,149.779999,149.779999,14550800
FB,2017-05-17,148.000000,148.669998,144.419998,144.850006,144.850006,28300100
FB,2017-05-18,144.720001,148.149994,144.509995,147.660004,147.660004,23031600
FB,2017-05-19,148.449997,149.389999,147.960007,148.059998,148.059998,16187900
FB,2017-05-22,148.080002,148.589996,147.690002,148.240005,148.240005,12586700
FB,2017-05-23,148.520004,148.809998,147.250000,148.070007,148.070007,12817800
FB,2017-05-24,148.509995,150.229996,148.419998,150.039993,150.039993,17862400
FB,2017-05-25,150.300003,152.589996,149.949997,151.960007,151.960007,19891400
FB,2017-05-26,152.229996,152.250000,151.149994,152.130005,152.130005,14996200
FB,2017-05-30,151.970001,152.899994,151.639999,152.380005,152.380005,13226000
FB,2017-05-31,152.699997,153.350006,151.089996,151.460007,151.460007,18023900
FB,2017-06-01,151.750000,152.289993,150.300003,151.529999,151.529999,14530600
FB,2017-06-02,151.850006,153.630005,151.300003,153.610001,153.610001,16854400
FB,2017-06-05,153.639999,154.710007,153.410004,153.630005,153.630005,12520400
FB,2017-06-06,153.410004,154.520004,152.479996,152.809998,152.809998,13457100
FB,2017-06-07,153.270004,153.750000,152.339996,153.119995,153.119995,12066700
FB,2017-06-08,154.080002,154.729996,153.100006,154.710007,154.710007,17719700
FB,2017-06-09,154.770004,155.589996,146.610001,149.600006,149.600006,35577700
FB,2017-06-12,148.169998,149.199997,144.559998,148.440002,148.440002,33170200
FB,2017-06-13,150.149994,151.179993,148.899994,150.679993,150.679993,20483400
FB,2017-06-14,151.259995,152.399994,149.050003,150.250000,150.250000,20808800
FB,2017-06-15,147.669998,150.039993,146.369995,149.800003,149.800003,18994200
FB,2017-06-16,149.589996,150.830002,148.600006,150.639999,150.639999,22882400
FB,2017-06-19,151.710007,153.570007,151.710007,152.869995,152.869995,19026500
FB,2017-06-20,152.880005,153.839996,152.210007,152.250000,152.250000,14743900
FB,2017-06-21,152.360001,154.080002,151.880005,153.910004,153.910004,15039800
FB,2017-06-22,153.009995,154.550003,152.910004,153.399994,153.399994,13005500
FB,2017-06-23,152.720001,155.199997,152.649994,155.070007,155.070007,18027000
FB,2017-06-26,156.250000,156.500000,153.199997,153.589996,153.589996,18049700
FB,2017-06-27,152.839996,153.309998,150.389999,150.580002,150.580002,19360800
FB,2017-06-28,150.919998,153.470001,149.860001,153.240005,153.240005,16719100
FB,2017-06-29,152.279999,152.500000,148.919998,151.039993,151.039993,23973500
FB,2017-06-30,151.899994,151.919998,150.059998,150.979996,150.979996,17666000
FB,2017-07-03,151.720001,152.149994,147.800003,148.429993,148.429993,13862700
FB,2017-07-05,149.000000,150.850006,148.130005,150.339996,150.339996,14334300
FB,2017-07-06,149.029999,150.039993,148.000000,148.820007,148.820007,14951800
FB,2017-07-07,149.250000,151.990005,149.190002,151.440002,151.440002,13615900
FB,2017-07-10,151.690002,153.979996,151.509995,153.500000,153.500000,13378700
FB,2017-07-11,153.369995,155.419998,152.910004,155.270004,155.270004,13667700
FB,2017-07-12,156.490005,159.160004,156.199997,158.899994,158.899994,22739400
FB,2017-07-13,158.740005,159.779999,158.419998,159.259995,159.259995,13929200
FB,2017-07-14,160.130005,160.320007,159.330002,159.970001,159.970001,16371200
FB,2017-07-17,160.250000,160.779999,158.809998,159.729996,159.729996,12858800
FB,2017-07-18,159.660004,163.729996,159.419998,162.860001,162.860001,23722900
FB,2017-07-19,163.589996,165.699997,163.169998,164.139999,164.139999,26273600
FB,2017-07-20,164.800003,165.000000,162.809998,164.529999,164.529999,18523100
FB,2017-07-21,164.160004,165.050003,163.750000,164.429993,164.429993,14744000
FB,2017-07-24,164.639999,166.169998,164.309998,166.000000,166.000000,17367000
FB,2017-07-25,165.009995,165.539993,163.860001,165.279999,165.279999,15383200
FB,2017-07-26,166.009995,166.009995,164.100006,165.610001,165.610001,35236900
FB,2017-07-27,174.699997,175.490005,167.500000,170.440002,170.440002,68910700
FB,2017-07-28,169.070007,173.429993,169.050003,172.449997,172.449997,24557600
FB,2017-07-31,172.000000,172.720001,168.550003,169.250000,169.250000,25478900
FB,2017-08-01,169.820007,170.470001,169.050003,169.860001,169.860001,14385000
FB,2017-08-02,170.300003,170.550003,166.910004,169.300003,169.300003,17433800
FB,2017-08-03,169.300003,169.699997,168.250000,168.589996,168.589996,10793800
FB,2017-08-04,168.970001,170.059998,168.690002,169.619995,169.619995,10777700
FB,2017-08-07,169.949997,172.059998,169.660004,171.979996,171.979996,12787800
FB,2017-08-08,171.880005,173.050003,170.619995,171.229996,171.229996,14393500
FB,2017-08-09,169.979996,171.449997,169.559998,171.179993,171.179993,10815000
FB,2017-08-10,170.059998,170.589996,166.850006,167.399994,167.399994,20832700
FB,2017-08-11,167.949997,168.820007,166.850006,168.080002,168.080002,13791200
FB,2017-08-14,170.089996,171.080002,169.289993,170.750000,170.750000,12954200
FB,2017-08-15,171.490005,171.500000,170.009995,171.000000,171.000000,8729200
FB,2017-08-16,171.250000,171.380005,169.240005,170.000000,170.000000,15779900
FB,2017-08-17,169.339996,169.860001,166.850006,166.910004,166.910004,17216000
FB,2017-08-18,166.839996,168.669998,166.210007,167.410004,167.410004,15093600
FB,2017-08-21,167.160004,168.000000,165.820007,167.779999,167.779999,11907500
FB,2017-08-22,168.279999,169.869995,167.149994,169.639999,169.639999,11391000
FB,2017-08-23,168.839996,169.360001,168.199997,168.710007,168.710007,9856500
FB,2017-08-24,168.880005,169.289993,166.410004,167.740005,167.740005,14030400
FB,2017-08-25,167.860001,168.380005,166.179993,166.320007,166.320007,12614500
FB,2017-08-28,166.910004,167.699997,166.330002,167.240005,167.240005,8553700
FB,2017-08-29,165.250000,168.429993,165.000000,168.050003,168.050003,11121000
FB,2017-08-30,168.169998,170.179993,167.630005,169.919998,169.919998,11138300
FB,2017-08-31,170.399994,172.149994,170.059998,171.970001,171.970001,17226500
FB,2017-09-01,172.399994,172.919998,171.309998,172.020004,172.020004,11677600
FB,2017-09-05,171.270004,172.389999,169.550003,170.720001,170.720001,13210900
FB,2017-09-06,170.910004,172.479996,169.570007,172.089996,172.089996,13906300
FB,2017-09-07,171.940002,173.309998,170.270004,173.210007,173.210007,18049500
FB,2017-09-08,173.089996,173.490005,170.800003,170.949997,170.949997,10998500
FB,2017-09-11,172.399994,173.889999,172.199997,173.509995,173.509995,12372000
FB,2017-09-12,173.759995,174.000000,171.750000,172.960007,172.960007,11186300
FB,2017-09-13,173.009995,173.169998,172.059998,173.050003,173.050003,9119300
FB,2017-09-14,172.259995,172.279999,170.500000,170.960007,170.960007,15615700
FB,2017-09-15,170.880005,172.339996,170.259995,171.639999,171.639999,15660500
FB,2017-09-18,171.990005,172.070007,169.339996,170.009995,170.009995,12954000
FB,2017-09-19,170.619995,172.559998,170.360001,172.520004,172.520004,13168600
FB,2017-09-20,172.500000,173.050003,170.699997,172.169998,172.169998,12264100
FB,2017-09-21,171.690002,172.270004,170.009995,171.110001,171.110001,11161400
FB,2017-09-22,170.210007,171.729996,169.220001,170.539993,170.539993,12097100
FB,2017-09-25,169.240005,169.300003,161.559998,162.869995,162.869995,41251600
FB,2017-09-26,164.500000,165.500000,162.779999,164.210007,164.210007,23363300
FB,2017-09-27,165.899994,168.339996,165.570007,167.679993,167.679993,19242500
FB,2017-09-28,167.940002,169.070007,167.160004,168.729996,168.729996,12178700
FB,2017-09-29,168.830002,171.660004,168.809998,170.869995,170.869995,15340400
FB,2017-10-02,171.389999,171.869995,168.750000,169.470001,169.470001,13392300
FB,2017-10-03,169.300003,170.729996,169.199997,169.960007,169.960007,8190300
FB,2017-10-04,169.830002,170.669998,168.289993,168.419998,168.419998,12127900
FB,2017-10-05,169.179993,171.309998,168.600006,171.240005,171.240005,14580600
FB,2017-10-06,170.250000,172.369995,169.750000,172.229996,172.229996,13124500
FB,2017-10-09,172.699997,174.880005,172.000000,172.500000,172.500000,14570400
FB,2017-10-10,173.000000,173.199997,170.800003,171.589996,171.589996,11341100
FB,2017-10-11,171.949997,172.779999,171.399994,172.740005,172.740005,11283700
FB,2017-10-12,172.610001,173.850006,172.289993,172.550003,172.550003,10351000
FB,2017-10-13,173.449997,174.649994,173.199997,173.740005,173.740005,13658300
FB,2017-10-16,174.490005,175.000000,174.059998,174.520004,174.520004,11498800
FB,2017-10-17,174.710007,176.130005,174.360001,176.110001,176.110001,15990100
FB,2017-10-18,176.649994,176.740005,175.750000,176.029999,176.029999,12752400
FB,2017-10-19,174.929993,176.029999,172.630005,174.559998,174.559998,14048400
FB,2017-10-20,175.500000,175.880005,174.630005,174.979996,174.979996,12602200
FB,2017-10-23,175.199997,175.339996,171.250000,171.270004,171.270004,13852700
FB,2017-10-24,172.300003,173.240005,171.500000,171.800003,171.800003,12267900
FB,2017-10-25,171.899994,172.250000,168.889999,170.600006,170.600006,15868200
FB,2017-10-26,171.380005,172.289993,170.389999,170.630005,170.630005,11833100
FB,2017-10-27,174.149994,178.210007,173.899994,177.880005,177.880005,30285300
FB,2017-10-30,179.259995,180.690002,177.610001,179.869995,179.869995,24353200
FB,2017-10-31,180.570007,180.800003,178.940002,180.059998,180.059998,20174200
FB,2017-11-01,182.360001,182.899994,180.570007,182.660004,182.660004,40918300
FB,2017-11-02,180.630005,181.940002,177.339996,178.919998,178.919998,35529900
FB,2017-11-03,179.289993,179.860001,176.710007,178.919998,178.919998,17822100
FB,2017-11-06,178.559998,180.449997,178.309998,180.169998,180.169998,13312700
FB,2017-11-07,180.500000,180.750000,178.960007,180.250000,180.250000,12928200
FB,2017-11-08,179.789993,180.350006,179.110001,179.559998,179.559998,10494100
FB,2017-11-09,178.309998,179.399994,177.089996,179.300003,179.300003,12610300
FB,2017-11-10,178.350006,179.100006,177.960007,178.460007,178.460007,11070200
FB,2017-11-13,177.500000,179.039993,177.300003,178.770004,178.770004,9523400
FB,2017-11-14,178.130005,178.970001,177.179993,178.070007,178.070007,9585900
FB,2017-11-15,176.660004,178.570007,176.399994,177.949997,177.949997,10253700
FB,2017-11-16,178.759995,179.830002,178.500000,179.589996,179.589996,15607600
FB,2017-11-17,179.300003,179.979996,178.899994,179.000000,179.000000,13018000
FB,2017-11-20,178.869995,179.500000,178.100006,178.740005,178.740005,10052400
FB,2017-11-21,179.149994,181.889999,178.990005,181.860001,181.860001,14504000
FB,2017-11-22,181.300003,181.729996,180.440002,180.869995,180.869995,10376300
FB,2017-11-24,180.399994,183.149994,180.289993,182.779999,182.779999,9426300
FB,2017-11-27,182.559998,183.729996,181.990005,183.029999,183.029999,12344500
FB,2017-11-28,183.509995,184.250000,182.089996,182.419998,182.419998,14379700
FB,2017-11-29,181.889999,181.970001,174.000000,175.130005,175.130005,41933500
FB,2017-11-30,176.850006,178.279999,175.199997,177.179993,177.179993,25307600
FB,2017-12-01,176.029999,177.479996,172.339996,175.100006,175.100006,20182500
FB,2017-12-04,176.289993,176.570007,170.789993,171.470001,171.470001,24459400
FB,2017-12-05,170.449997,175.380005,169.009995,172.830002,172.830002,20184900
FB,2017-12-06,172.500000,176.770004,171.899994,176.059998,176.059998,20255800
FB,2017-12-07,175.800003,180.389999,175.800003,180.139999,180.139999,20404500
FB,2017-12-08,181.529999,182.279999,178.740005,179.000000,179.000000,19883800
FB,2017-12-11,179.300003,180.220001,178.800003,179.039993,179.039993,13168600
FB,2017-12-12,178.600006,179.179993,176.600006,176.960007,176.960007,16854100
FB,2017-12-13,177.300003,179.160004,177.250000,178.300003,178.300003,14615700
FB,2017-12-14,178.289993,180.360001,177.679993,178.389999,178.389999,13591000
FB,2017-12-15,179.020004,180.490005,178.360001,180.179993,180.179993,28463100
FB,2017-12-18,181.009995,181.300003,179.750000,180.820007,180.820007,17265400
FB,2017-12-19,179.949997,180.080002,178.220001,179.509995,179.509995,14920600
FB,2017-12-20,179.809998,179.809998,177.360001,177.889999,177.889999,11860500
FB,2017-12-21,177.940002,178.679993,177.050003,177.449997,177.449997,11600700
FB,2017-12-22,177.139999,177.529999,176.229996,177.199997,177.199997,8509500
FB,2017-12-26,176.630005,177.000000,174.669998,175.990005,175.990005,8897300
FB,2017-12-27,176.550003,178.440002,176.259995,177.619995,177.619995,9496100
FB,2017-12-28,177.949997,178.940002,177.679993,177.919998,177.919998,12220800
FB,2017-12-29,178.000000,178.850006,176.460007,176.460007,176.460007,10261500
FB,2018-01-02,177.679993,181.580002,177.550003,181.419998,181.419998,18151900
FB,2018-01-03,181.880005,184.779999,181.330002,184.669998,184.669998,16886600
FB,2018-01-04,184.899994,186.210007,184.100006,184.330002,184.330002,13880900
FB,2018-01-05,185.589996,186.899994,184.929993,186.850006,186.850006,13574500
FB,2018-01-08,187.199997,188.899994,186.330002,188.279999,188.279999,17994700
FB,2018-01-09,188.699997,188.800003,187.100006,187.869995,187.869995,12393100
FB,2018-01-10,186.940002,187.889999,185.630005,187.839996,187.839996,10529900
FB,2018-01-11,188.399994,188.399994,187.380005,187.770004,187.770004,9588600
FB,2018-01-12,178.059998,181.479996,177.399994,179.369995,179.369995,77551300
FB,2018-01-16,181.500000,181.750000,178.039993,178.389999,178.389999,36183800
FB,2018-01-17,179.259995,179.320007,175.800003,177.600006,177.600006,27992400
FB,2018-01-18,178.130005,180.979996,177.080002,179.800003,179.800003,23304900
FB,2018-01-19,180.850006,182.369995,180.169998,181.289993,181.289993,26826500
FB,2018-01-22,180.800003,185.389999,180.410004,185.369995,185.369995,21059500
FB,2018-01-23,186.050003,189.550003,185.550003,189.350006,189.350006,25678800
FB,2018-01-24,189.889999,190.660004,186.520004,186.550003,186.550003,24334500
FB,2018-01-25,187.949997,188.619995,186.600006,187.479996,187.479996,17377700
FB,2018-01-26,187.750000,190.000000,186.809998,190.000000,190.000000,17759200
FB,2018-01-29,188.750000,188.839996,185.630005,185.979996,185.979996,20453200
FB,2018-01-30,187.619995,188.179993,181.839996,187.119995,187.119995,20858600
FB,2018-01-31,188.369995,189.830002,185.220001,186.889999,186.889999,43275100
FB,2018-02-01,188.220001,195.320007,187.889999,193.089996,193.089996,54211300
FB,2018-02-02,192.039993,194.210007,189.979996,190.279999,190.279999,26677500
FB,2018-02-05,186.929993,190.610001,180.610001,181.259995,181.259995,33128200
FB,2018-02-06,178.570007,185.770004,177.740005,185.309998,185.309998,37758500
FB,2018-02-07,184.149994,185.080002,179.949997,180.179993,180.179993,27601900
FB,2018-02-08,181.009995,181.839996,171.479996,171.580002,171.580002,38478300
FB,2018-02-09,174.759995,176.899994,167.179993,176.110001,176.110001,39887600
FB,2018-02-12,177.059998,177.550003,171.839996,176.410004,176.410004,32092100
FB,2018-02-13,175.619995,175.970001,173.100006,173.149994,173.149994,21809400
FB,2018-02-14,173.449997,179.809998,173.210007,179.520004,179.520004,28929700
FB,2018-02-15,180.500000,180.500000,176.839996,179.960007,179.960007,20922100
FB,2018-02-16,178.990005,179.880005,176.300003,177.360001,177.360001,21015600
FB,2018-02-20,175.770004,177.949997,175.110001,176.009995,176.009995,21204900
FB,2018-02-21,176.710007,181.270004,176.399994,177.910004,177.910004,23200800
FB,2018-02-22,178.699997,180.210007,177.410004,178.990005,178.990005,18464200
FB,2018-02-23,179.899994,183.389999,179.509995,183.289993,183.289993,19007300
FB,2018-02-26,184.580002,185.660004,183.220001,184.929993,184.929993,17599700
FB,2018-02-27,184.449997,184.699997,181.460007,181.460007,181.460007,15849800
FB,2018-02-28,182.300003,182.880005,178.139999,178.320007,178.320007,18783000
FB,2018-03-01,179.009995,180.119995,174.410004,175.940002,175.940002,23201600
FB,2018-03-02,173.289993,177.110001,172.990005,176.619995,176.619995,20025900
FB,2018-03-05,176.199997,181.149994,175.889999,180.399994,180.399994,16189300
FB,2018-03-06,181.779999,182.380005,179.110001,179.779999,179.779999,15086800
FB,2018-03-07,178.740005,183.820007,178.070007,183.710007,183.710007,19097300
FB,2018-03-08,183.559998,184.399994,181.449997,182.339996,182.339996,17225900
FB,2018-03-09,183.910004,185.509995,183.210007,185.229996,185.229996,18526300
FB,2018-03-12,185.229996,186.100006,184.220001,184.759995,184.759995,15301200
FB,2018-03-13,185.610001,185.990005,181.110001,181.880005,181.880005,18067500
FB,2018-03-14,182.600006,184.250000,181.850006,184.190002,184.190002,16821700
FB,2018-03-15,183.240005,184.000000,182.190002,183.860001,183.860001,15614300
FB,2018-03-16,184.490005,185.330002,183.410004,185.089996,185.089996,24403400
FB,2018-03-19,177.009995,177.169998,170.059998,172.559998,172.559998,88140100
FB,2018-03-20,167.470001,170.199997,161.949997,168.149994,168.149994,129851800
FB,2018-03-21,164.800003,173.399994,163.300003,169.389999,169.389999,106598800
FB,2018-03-22,166.130005,170.270004,163.720001,164.889999,164.889999,73743000
FB,2018-03-23,165.440002,166.600006,159.020004,159.389999,159.389999,53609700
FB,2018-03-26,160.820007,161.100006,149.020004,160.059998,160.059998,126116600
FB,2018-03-27,156.309998,162.850006,150.750000,152.220001,152.220001,79117000
FB,2018-03-28,151.649994,155.880005,150.800003,153.029999,153.029999,60029200
FB,2018-03-29,155.149994,161.419998,154.139999,159.789993,159.789993,59434300
FB,2018-04-02,157.809998,159.199997,154.110001,155.389999,155.389999,36796000
FB,2018-04-03,156.550003,157.389999,150.809998,156.110001,156.110001,42543900
FB,2018-04-04,152.029999,155.559998,150.509995,155.100006,155.100006,49885600
FB,2018-04-05,161.559998,161.570007,156.649994,159.339996,159.339996,41449600
FB,2018-04-06,157.729996,161.419998,156.809998,157.199997,157.199997,41644800
FB,2018-04-09,157.820007,160.529999,156.039993,157.929993,157.929993,34915200
FB,2018-04-10,157.929993,165.979996,157.009995,165.039993,165.039993,57889300
FB,2018-04-11,165.360001,168.649994,163.250000,166.320007,166.320007,56144600
FB,2018-04-12,166.979996,167.449997,163.100006,163.869995,163.869995,38263000
FB,2018-04-13,164.580002,165.699997,163.770004,164.520004,164.520004,19990600
FB,2018-04-16,165.720001,165.779999,163.389999,164.830002,164.830002,18119400
FB,2018-04-17,165.830002,169.000000,165.660004,168.660004,168.660004,22743000
FB,2018-04-18,166.880005,168.119995,165.770004,166.360001,166.360001,20969600
FB,2018-04-19,166.199997,168.330002,165.199997,168.100006,168.100006,22235000
FB,2018-04-20,167.789993,168.429993,165.809998,166.279999,166.279999,19119400
FB,2018-04-23,167.270004,168.449997,165.089996,165.839996,165.839996,23088100
FB,2018-04-24,165.429993,166.100006,158.190002,159.690002,159.690002,35079900
FB,2018-04-25,160.139999,161.059998,156.190002,159.690002,159.690002,41083600
FB,2018-04-26,173.220001,176.270004,170.800003,174.160004,174.160004,77556900
FB,2018-04-27,176.809998,177.100006,172.600006,173.589996,173.589996,29804700
FB,2018-04-30,173.789993,175.720001,171.710007,172.000000,172.000000,20750500
FB,2018-05-01,172.000000,174.020004,170.229996,173.860001,173.860001,26025900
FB,2018-05-02,174.250000,178.080002,174.199997,176.070007,176.070007,30424500
FB,2018-05-03,175.130005,176.119995,172.119995,174.020004,174.020004,24026100
FB,2018-05-04,173.080002,176.979996,173.059998,176.610001,176.610001,17677800
FB,2018-05-07,177.350006,179.500000,177.169998,177.970001,177.970001,18697200
FB,2018-05-08,178.250000,179.039993,177.110001,178.919998,178.919998,15577200
FB,2018-05-09,179.669998,183.009995,178.779999,182.660004,182.660004,23282800
FB,2018-05-10,183.149994,186.130005,182.500000,185.529999,185.529999,21071400
FB,2018-05-11,184.850006,188.320007,184.179993,186.990005,186.990005,21207800
FB,2018-05-14,187.710007,187.860001,186.199997,186.639999,186.639999,15646700
FB,2018-05-15,184.880005,185.289993,183.199997,184.320007,184.320007,15388400
FB,2018-05-16,183.695206,184.320007,182.759995,183.940002,183.940002,8638156
GOOGL,2017-05-16,963.549988,965.900024,960.349976,964.609985,964.609985,1101500
GOOGL,2017-05-17,959.700012,960.989990,940.059998,942.169983,942.169983,2449100
GOOGL,2017-05-18,943.200012,954.179993,941.270020,950.500000,950.500000,1800500
GOOGL,2017-05-19,952.820007,959.559998,952.000000,954.650024,954.650024,1360300
GOOGL,2017-05-22,957.000000,964.820007,956.559998,964.070007,964.070007,1387400
GOOGL,2017-05-23,969.960022,974.510010,964.500000,970.549988,970.549988,1545400
GOOGL,2017-05-24,975.260010,978.119995,971.630005,977.609985,977.609985,1133000
GOOGL,2017-05-25,979.000000,995.780029,977.820007,991.859985,991.859985,1954100
GOOGL,2017-05-26,992.000000,996.390015,987.359985,993.270020,993.270020,1636400
GOOGL,2017-05-30,992.500000,997.619995,991.359985,996.169983,996.169983,1516200
GOOGL,2017-05-31,996.210022,999.599976,981.679993,987.090027,987.090027,1724100
GOOGL,2017-06-01,990.960022,993.140015,981.289978,988.289978,988.289978,1306400
GOOGL,2017-06-02,988.590027,996.479980,987.070007,996.119995,996.119995,1735500
GOOGL,2017-06-05,997.890015,1007.400024,995.450012,1003.880005,1003.880005,1378900
GOOGL,2017-06-06,1003.309998,1008.609985,994.799988,996.679993,996.679993,1552100
GOOGL,2017-06-07,999.090027,1003.909973,995.869995,1001.500000,1001.500000,1374100
GOOGL,2017-06-08,1004.229980,1005.599976,996.619995,1004.280029,1004.280029,1679900
GOOGL,2017-06-09,1005.489990,1005.500000,953.369995,970.119995,970.119995,3647900
GOOGL,2017-06-12,958.719971,968.000000,936.799988,961.809998,961.809998,4202100
GOOGL,2017-06-13,972.039978,977.909973,962.010010,970.500000,970.500000,2005400
GOOGL,2017-06-14,975.500000,979.700012,959.510010,967.929993,967.929993,1505500
GOOGL,2017-06-15,948.020020,960.679993,940.369995,960.179993,960.179993,2427600
GOOGL,2017-06-16,957.909973,959.950012,948.700012,958.619995,958.619995,2559200
GOOGL,2017-06-19,969.650024,979.299988,968.200012,975.219971,975.219971,1468800
GOOGL,2017-06-20,975.309998,980.789978,968.200012,968.989990,968.989990,1297300
GOOGL,2017-06-21,970.789978,979.549988,969.450012,978.590027,978.590027,1161600
GOOGL,2017-06-22,976.869995,980.500000,973.309998,976.619995,976.619995,1009500
GOOGL,2017-06-23,975.500000,986.619995,974.460022,986.090027,986.090027,1564000
GOOGL,2017-06-26,990.000000,993.989990,970.330017,972.090027,972.090027,1517900
GOOGL,2017-06-27,961.599976,967.219971,947.090027,948.090027,948.090027,2443600
GOOGL,2017-06-28,950.659973,963.239990,936.159973,961.010010,961.010010,2745600
GOOGL,2017-06-29,951.349976,951.659973,929.599976,937.820007,937.820007,3206700
GOOGL,2017-06-30,943.989990,945.000000,929.609985,929.679993,929.679993,2287700
GOOGL,2017-07-03,933.219971,934.239990,915.309998,919.460022,919.460022,1694800
GOOGL,2017-07-05,924.200012,936.289978,918.630005,932.260010,932.260010,2094100
GOOGL,2017-07-06,925.000000,936.140015,919.849976,927.690002,927.690002,2014900
GOOGL,2017-07-07,930.989990,944.659973,929.789978,940.809998,940.809998,1663300
GOOGL,2017-07-10,941.950012,953.130005,941.950012,951.000000,951.000000,1451500
GOOGL,2017-07-11,950.520020,954.890015,945.119995,953.530029,953.530029,1461200
GOOGL,2017-07-12,960.859985,969.630005,957.039978,967.659973,967.659973,1602100
GOOGL,2017-07-13,970.799988,978.700012,964.799988,968.849976,968.849976,1524600
GOOGL,2017-07-14,974.000000,977.539978,970.150024,976.909973,976.909973,1079600
GOOGL,2017-07-17,976.320007,983.349976,970.799988,975.960022,975.960022,1660500
GOOGL,2017-07-18,973.359985,990.849976,972.039978,986.950012,986.950012,1413300
GOOGL,2017-07-19,990.010010,995.599976,987.010010,992.770020,992.770020,1412100
GOOGL,2017-07-20,997.000000,998.679993,984.619995,992.190002,992.190002,1418400
GOOGL,2017-07-21,989.000000,995.109985,984.169983,993.840027,993.840027,1463300
GOOGL,2017-07-24,994.099976,1006.190002,990.270020,998.309998,998.309998,3984500
GOOGL,2017-07-25,970.700012,976.729980,963.799988,969.030029,969.030029,5933600
GOOGL,2017-07-26,972.780029,973.950012,960.229980,965.309998,965.309998,2221600
GOOGL,2017-07-27,969.179993,969.520020,937.059998,952.510010,952.510010,3717900
GOOGL,2017-07-28,947.989990,961.789978,945.309998,958.330017,958.330017,1813800
GOOGL,2017-07-31,960.000000,961.190002,941.729980,945.500000,945.500000,2283500
GOOGL,2017-08-01,947.809998,954.489990,944.960022,946.559998,946.559998,1402600
GOOGL,2017-08-02,948.369995,949.099976,932.520020,947.640015,947.640015,2039400
GOOGL,2017-08-03,949.099976,950.000000,939.440002,940.299988,940.299988,1123900
GOOGL,2017-08-04,943.950012,947.539978,939.799988,945.789978,945.789978,1254600
GOOGL,2017-08-07,947.520020,948.960022,943.500000,945.750000,945.750000,1445800
GOOGL,2017-08-08,944.289978,952.489990,942.479980,944.190002,944.190002,1505100
GOOGL,2017-08-09,938.450012,943.760010,933.919983,940.080017,940.080017,1400900
GOOGL,2017-08-10,935.000000,936.299988,921.780029,923.590027,923.590027,2707400
GOOGL,2017-08-11,923.710022,933.359985,921.219971,930.090027,930.090027,1616700
GOOGL,2017-08-14,939.070007,941.039978,934.489990,938.929993,938.929993,1148500
GOOGL,2017-08-15,941.030029,943.070007,936.640015,938.080017,938.080017,1106500
GOOGL,2017-08-16,941.250000,949.900024,940.039978,944.270020,944.270020,1345300
GOOGL,2017-08-17,942.950012,943.809998,927.640015,927.659973,927.659973,1695700
GOOGL,2017-08-18,926.979980,931.020020,923.450012,926.179993,926.179993,1337400
GOOGL,2017-08-21,925.770020,928.250000,918.599976,920.869995,920.869995,1301200
GOOGL,2017-08-22,926.960022,941.960022,926.169983,940.400024,940.400024,1775100
GOOGL,2017-08-23,937.000000,945.429993,935.239990,942.580017,942.580017,1134500
GOOGL,2017-08-24,943.710022,946.309998,930.739990,936.890015,936.890015,1294600
GOOGL,2017-08-25,939.210022,940.729980,930.099976,930.500000,930.500000,1187300
GOOGL,2017-08-28,931.880005,934.849976,926.109985,928.130005,928.130005,1049400
GOOGL,2017-08-29,919.950012,938.190002,919.309998,935.750000,935.750000,1158600
GOOGL,2017-08-30,935.669983,945.859985,934.049988,943.630005,943.630005,1120300
GOOGL,2017-08-31,946.299988,957.200012,946.250000,955.239990,955.239990,1693300
GOOGL,2017-09-01,957.469971,958.330017,950.280029,951.989990,951.989990,1042900
GOOGL,2017-09-05,946.859985,951.390015,935.599976,941.479980,941.479980,1457400
GOOGL,2017-09-06,943.869995,944.500000,932.679993,942.020020,942.020020,1391500
GOOGL,2017-09-07,944.250000,950.500000,937.530029,949.890015,949.890015,1116600
GOOGL,2017-09-08,949.700012,950.700012,940.010010,941.409973,941.409973,999900
GOOGL,2017-09-11,947.200012,952.679993,941.000000,943.289978,943.289978,1337400
GOOGL,2017-09-12,946.919983,948.090027,937.500000,946.650024,946.650024,1284800
GOOGL,2017-09-13,945.500000,952.849976,944.739990,950.440002,950.440002,1095400
GOOGL,2017-09-14,946.000000,948.030029,938.359985,940.130005,940.130005,1427400
GOOGL,2017-09-15,940.090027,941.750000,931.250000,935.289978,935.289978,1994300
GOOGL,2017-09-18,935.010010,936.859985,925.400024,929.750000,929.750000,1473700
GOOGL,2017-09-19,933.409973,937.940002,926.659973,936.859985,936.859985,1242700
GOOGL,2017-09-20,937.729980,950.000000,937.500000,947.539978,947.539978,2004000
GOOGL,2017-09-21,948.130005,952.799988,939.380005,947.549988,947.549988,1370700
GOOGL,2017-09-22,942.770020,950.000000,940.840027,943.260010,943.260010,1074800
GOOGL,2017-09-25,939.450012,939.750000,924.510010,934.280029,934.280029,1873400
GOOGL,2017-09-26,936.690002,944.080017,935.119995,937.429993,937.429993,1672700
GOOGL,2017-09-27,942.739990,965.429993,941.950012,959.900024,959.900024,2334600
GOOGL,2017-09-28,956.250000,966.179993,955.549988,964.809998,964.809998,1400900
GOOGL,2017-09-29,966.000000,975.809998,966.000000,973.719971,973.719971,2031100
GOOGL,2017-10-02,975.650024,977.739990,961.950012,967.469971,967.469971,1539100
GOOGL,2017-10-03,967.559998,972.440002,962.710022,972.080017,972.080017,1083300
GOOGL,2017-10-04,971.760010,974.400024,965.609985,966.780029,966.780029,1057800
GOOGL,2017-10-05,972.789978,986.510010,970.270020,985.190002,985.190002,1780900
GOOGL,2017-10-06,980.000000,994.260010,978.510010,993.640015,993.640015,1553000
GOOGL,2017-10-09,995.000000,1000.460022,991.500000,992.309998,992.309998,1295500
GOOGL,2017-10-10,995.299988,997.469971,981.109985,987.799988,987.799988,1163400
GOOGL,2017-10-11,989.039978,1007.570007,987.940002,1005.650024,1005.650024,1815000
GOOGL,2017-10-12,1003.840027,1011.539978,1001.099976,1005.650024,1005.650024,1530700
GOOGL,2017-10-13,1009.109985,1014.760010,1007.059998,1007.869995,1007.869995,1327600
GOOGL,2017-10-16,1009.630005,1012.000000,1001.520020,1009.349976,1009.349976,1071000
GOOGL,2017-10-17,1007.440002,1014.559998,1006.049988,1011.000000,1011.000000,1013000
GOOGL,2017-10-18,1011.049988,1016.309998,1005.320007,1012.739990,1012.739990,1279800
GOOGL,2017-10-19,1004.750000,1007.320007,997.299988,1001.840027,1001.840027,1714200
GOOGL,2017-10-20,1007.049988,1008.650024,1002.270020,1005.070007,1005.070007,1606000
GOOGL,2017-10-23,1005.179993,1005.789978,983.099976,985.539978,985.539978,1639300
GOOGL,2017-10-24,986.500000,989.260010,977.080017,988.489990,988.489990,1445100
GOOGL,2017-10-25,986.270020,994.429993,977.719971,991.460022,991.460022,1528700
GOOGL,2017-10-26,998.469971,1006.510010,990.469971,991.419983,991.419983,2369800
GOOGL,2017-10-27,1030.989990,1063.619995,1026.849976,1033.670044,1033.670044,5184100
GOOGL,2017-10-30,1029.160034,1039.829956,1022.330017,1033.130005,1033.130005,2340200
GOOGL,2017-10-31,1033.000000,1041.000000,1026.300049,1033.040039,1033.040039,1516300
GOOGL,2017-11-01,1036.319946,1047.859985,1034.000000,1042.599976,1042.599976,2163100
GOOGL,2017-11-02,1039.989990,1045.520020,1028.660034,1042.969971,1042.969971,1334700
GOOGL,2017-11-03,1042.750000,1050.660034,1037.650024,1049.989990,1049.989990,1388500
GOOGL,2017-11-06,1049.099976,1052.589966,1042.000000,1042.680054,1042.680054,914700
GOOGL,2017-11-07,1049.650024,1053.410034,1043.000000,1052.390015,1052.390015,1305200
GOOGL,2017-11-08,1050.050049,1062.689941,1047.050049,1058.290039,1058.290039,1213800
GOOGL,2017-11-09,1048.000000,1050.880005,1035.849976,1047.719971,1047.719971,1794600
GOOGL,2017-11-10,1043.869995,1046.630005,1041.219971,1044.150024,1044.150024,972100
GOOGL,2017-11-13,1040.800049,1048.739990,1039.260010,1041.199951,1041.199951,940700
GOOGL,2017-11-14,1037.719971,1042.300049,1029.329956,1041.640015,1041.640015,1050600
GOOGL,2017-11-15,1035.000000,1039.630005,1030.760010,1036.410034,1036.410034,905300
GOOGL,2017-11-16,1038.750000,1051.760010,1038.000000,1048.469971,1048.469971,1188400
GOOGL,2017-11-17,1049.800049,1051.000000,1033.729980,1035.890015,1035.890015,1335600
GOOGL,2017-11-20,1036.000000,1038.699951,1032.680054,1034.660034,1034.660034,876300
GOOGL,2017-11-21,1040.040039,1050.390015,1039.140015,1050.300049,1050.300049,1110300
GOOGL,2017-11-22,1051.160034,1055.430054,1047.250000,1051.920044,1051.920044,726900
GOOGL,2017-11-24,1054.390015,1060.069946,1051.920044,1056.520020,1056.520020,824600
GOOGL,2017-11-27,1058.569946,1073.040039,1054.770020,1072.010010,1072.010010,1771500
GOOGL,2017-11-28,1073.989990,1080.000000,1054.540039,1063.290039,1063.290039,1821200
GOOGL,2017-11-29,1056.180054,1058.770020,1029.650024,1037.380005,1037.380005,2793300
GOOGL,2017-11-30,1039.939941,1044.140015,1030.069946,1036.170044,1036.170044,2254600
GOOGL,2017-12-01,1030.410034,1037.239990,1016.900024,1025.069946,1025.069946,1888100
GOOGL,2017-12-04,1027.800049,1031.339966,1009.219971,1011.869995,1011.869995,1938900
GOOGL,2017-12-05,1010.989990,1036.680054,1002.320007,1019.599976,1019.599976,1949900
GOOGL,2017-12-06,1016.520020,1039.579956,1015.309998,1032.719971,1032.719971,1435500
GOOGL,2017-12-07,1036.069946,1048.920044,1035.359985,1044.569946,1044.569946,1543300
GOOGL,2017-12-08,1051.810059,1056.420044,1045.859985,1049.380005,1049.380005,1558500
GOOGL,2017-12-11,1051.109985,1056.000000,1044.119995,1051.969971,1051.969971,1162700
GOOGL,2017-12-12,1050.000000,1062.500000,1044.869995,1048.770020,1048.770020,1694100
GOOGL,2017-12-13,1052.079956,1055.479980,1046.579956,1051.390015,1051.390015,1384000
GOOGL,2017-12-14,1055.489990,1067.079956,1053.599976,1057.469971,1057.469971,1548100
GOOGL,2017-12-15,1063.780029,1075.250000,1060.089966,1072.000000,1072.000000,3188000
GOOGL,2017-12-18,1076.449951,1086.489990,1070.369995,1085.089966,1085.089966,1514600
GOOGL,2017-12-19,1083.020020,1084.969971,1072.270020,1079.780029,1079.780029,1317500
GOOGL,2017-12-20,1080.920044,1081.229980,1068.599976,1073.560059,1073.560059,1436400
GOOGL,2017-12-21,1075.390015,1077.520020,1069.000000,1070.849976,1070.849976,1282000
GOOGL,2017-12-22,1070.000000,1071.719971,1067.640015,1068.859985,1068.859985,889400
GOOGL,2017-12-26,1068.640015,1068.859985,1058.640015,1065.849976,1065.849976,918800
GOOGL,2017-12-27,1066.599976,1068.270020,1058.380005,1060.199951,1060.199951,1116200
GOOGL,2017-12-28,1062.250000,1064.839966,1053.380005,1055.949951,1055.949951,994200
GOOGL,2017-12-29,1055.489990,1058.050049,1052.699951,1053.400024,1053.400024,1180300
GOOGL,2018-01-02,1053.020020,1075.979980,1053.020020,1073.209961,1073.209961,1588300
GOOGL,2018-01-03,1073.930054,1096.099976,1073.430054,1091.520020,1091.520020,1565900
GOOGL,2018-01-04,1097.089966,1104.079956,1094.260010,1095.760010,1095.760010,1302600
GOOGL,2018-01-05,1103.449951,1113.579956,1101.800049,1110.290039,1110.290039,1512500
GOOGL,2018-01-08,1111.000000,1119.160034,1110.000000,1114.209961,1114.209961,1232200
GOOGL,2018-01-09,1118.439941,1118.439941,1108.199951,1112.790039,1112.790039,1340400
GOOGL,2018-01-10,1107.000000,1112.780029,1103.979980,1110.140015,1110.140015,1036700
GOOGL,2018-01-11,1112.310059,1114.849976,1106.479980,1112.050049,1112.050049,1121200
GOOGL,2018-01-12,1110.099976,1131.300049,1108.010010,1130.650024,1130.650024,1929300
GOOGL,2018-01-16,1140.310059,1148.880005,1126.660034,1130.699951,1130.699951,1823100
GOOGL,2018-01-17,1136.359985,1139.319946,1123.489990,1139.099976,1139.099976,1391500
GOOGL,2018-01-18,1139.349976,1140.589966,1124.459961,1135.969971,1135.969971,1374900
GOOGL,2018-01-19,1138.030029,1143.780029,1132.500000,1143.500000,1143.500000,1527600
GOOGL,2018-01-22,1143.819946,1166.880005,1141.819946,1164.160034,1164.160034,1477500
GOOGL,2018-01-23,1170.619995,1178.510010,1167.250000,1176.170044,1176.170044,1956900
GOOGL,2018-01-24,1184.979980,1187.050049,1167.400024,1171.290039,1171.290039,1856400
GOOGL,2018-01-25,1180.709961,1185.000000,1171.839966,1182.140015,1182.140015,1499200
GOOGL,2018-01-26,1187.530029,1187.560059,1168.030029,1187.560059,1187.560059,2108500
GOOGL,2018-01-29,1188.000000,1198.000000,1184.060059,1186.479980,1186.479980,1574700
GOOGL,2018-01-30,1177.719971,1187.930054,1174.510010,1177.369995,1177.369995,1866900
GOOGL,2018-01-31,1183.810059,1186.319946,1172.099976,1182.219971,1182.219971,1801100
GOOGL,2018-02-01,1175.989990,1187.449951,1169.359985,1181.589966,1181.589966,3675700
GOOGL,2018-02-02,1127.420044,1131.300049,1111.170044,1119.199951,1119.199951,5892100
GOOGL,2018-02-05,1100.609985,1114.989990,1056.739990,1062.390015,1062.390015,4177500
GOOGL,2018-02-06,1033.979980,1087.380005,1030.010010,1084.430054,1084.430054,3831500
GOOGL,2018-02-07,1084.969971,1086.530029,1054.619995,1055.410034,1055.410034,2597100
GOOGL,2018-02-08,1059.869995,1063.930054,1004.700012,1007.710022,1007.710022,3339600
GOOGL,2018-02-09,1025.880005,1051.719971,997.000000,1046.270020,1046.270020,4918000
GOOGL,2018-02-12,1056.670044,1065.569946,1045.489990,1054.560059,1054.560059,2812000
GOOGL,2018-02-13,1050.000000,1061.219971,1046.920044,1054.140015,1054.140015,1579300
GOOGL,2018-02-14,1054.319946,1075.469971,1049.800049,1072.699951,1072.699951,2065200
GOOGL,2018-02-15,1083.449951,1094.099976,1067.229980,1091.359985,1091.359985,1869800
GOOGL,2018-02-16,1093.380005,1108.310059,1091.550049,1095.500000,1095.500000,1997400
GOOGL,2018-02-20,1092.760010,1116.290039,1090.000000,1103.589966,1103.589966,1687700
GOOGL,2018-02-21,1109.099976,1136.199951,1107.510010,1113.750000,1113.750000,2074300
GOOGL,2018-02-22,1119.170044,1125.459961,1105.150024,1109.900024,1109.900024,1400500
GOOGL,2018-02-23,1118.660034,1129.000000,1108.439941,1128.089966,1128.089966,1264600
GOOGL,2018-02-26,1131.859985,1144.199951,1129.339966,1143.699951,1143.699951,1545600
GOOGL,2018-02-27,1143.699951,1144.250000,1116.790039,1117.510010,1117.510010,2148200
GOOGL,2018-02-28,1122.000000,1127.650024,1103.000000,1103.920044,1103.920044,2464600
GOOGL,2018-03-01,1109.540039,1111.270020,1067.290039,1071.410034,1071.410034,2766900
GOOGL,2018-03-02,1057.979980,1086.890015,1050.109985,1084.140015,1084.140015,2508100
GOOGL,2018-03-05,1078.130005,1101.180054,1072.270020,1094.760010,1094.760010,1432400
GOOGL,2018-03-06,1102.099976,1105.630005,1094.500000,1100.900024,1100.900024,1169100
GOOGL,2018-03-07,1092.819946,1116.199951,1089.910034,1115.040039,1115.040039,1537400
GOOGL,2018-03-08,1117.199951,1131.439941,1117.199951,1129.380005,1129.380005,1693100
GOOGL,2018-03-09,1139.500000,1161.000000,1134.290039,1160.839966,1160.839966,2133100
GOOGL,2018-03-12,1165.050049,1178.160034,1159.199951,1165.930054,1165.930054,2215300
GOOGL,2018-03-13,1171.829956,1178.000000,1134.569946,1139.910034,1139.910034,2157000
GOOGL,2018-03-14,1145.800049,1159.760010,1142.349976,1148.890015,1148.890015,2093500
GOOGL,2018-03-15,1149.569946,1162.500000,1135.660034,1150.609985,1150.609985,1669100
GOOGL,2018-03-16,1155.349976,1156.810059,1131.359985,1134.420044,1134.420044,2932800
GOOGL,2018-03-19,1117.760010,1119.369995,1088.920044,1100.069946,1100.069946,3182800
GOOGL,2018-03-20,1098.400024,1105.550049,1082.420044,1095.800049,1095.800049,2729900
GOOGL,2018-03-21,1092.569946,1108.699951,1087.209961,1094.000000,1094.000000,2244900
GOOGL,2018-03-22,1080.010010,1083.920044,1049.640015,1053.150024,1053.150024,3465600
GOOGL,2018-03-23,1051.369995,1066.780029,1024.869995,1026.550049,1026.550049,2494000
GOOGL,2018-03-26,1050.599976,1059.270020,1010.580017,1054.089966,1054.089966,3299200
GOOGL,2018-03-27,1063.900024,1064.540039,997.619995,1006.940002,1006.940002,3040800
GOOGL,2018-03-28,1001.909973,1024.989990,984.000000,1005.179993,1005.179993,3884900
GOOGL,2018-03-29,1011.210022,1048.050049,1004.039978,1037.140015,1037.140015,3466900
GOOGL,2018-04-02,1027.619995,1039.530029,994.250000,1012.630005,1012.630005,3253400
GOOGL,2018-04-03,1016.150024,1025.000000,997.250000,1018.679993,1018.679993,2566100
GOOGL,2018-04-04,998.229980,1032.739990,996.510010,1029.709961,1029.709961,2536200
GOOGL,2018-04-05,1046.390015,1046.709961,1024.000000,1032.640015,1032.640015,1791800
GOOGL,2018-04-06,1023.099976,1036.000000,1006.250000,1009.950012,1009.950012,2006700
GOOGL,2018-04-09,1020.039978,1044.589966,1019.200012,1020.090027,1020.090027,1661000
GOOGL,2018-04-10,1030.260010,1041.209961,1015.409973,1036.500000,1036.500000,1831000
GOOGL,2018-04-11,1032.000000,1035.869995,1019.200012,1025.060059,1025.060059,1703000
GOOGL,2018-04-12,1031.469971,1044.650024,1026.050049,1037.290039,1037.290039,1644800
GOOGL,2018-04-13,1046.890015,1052.979980,1030.150024,1036.040039,1036.040039,1270500
GOOGL,2018-04-16,1045.550049,1051.430054,1033.920044,1046.099976,1046.099976,1488800
GOOGL,2018-04-17,1061.199951,1085.000000,1057.089966,1079.359985,1079.359985,2729200
GOOGL,2018-04-18,1079.010010,1082.000000,1070.520020,1075.390015,1075.390015,1556300
GOOGL,2018-04-19,1069.020020,1097.510010,1069.020020,1089.449951,1089.449951,1994200
GOOGL,2018-04-20,1084.270020,1094.750000,1072.099976,1077.319946,1077.319946,2121700
GOOGL,2018-04-23,1082.979980,1088.000000,1066.680054,1073.810059,1073.810059,3479500
GOOGL,2018-04-24,1059.199951,1064.489990,1012.859985,1022.640015,1022.640015,6411000
GOOGL,2018-04-25,1029.750000,1036.069946,1017.010010,1022.989990,1022.989990,2893000
GOOGL,2018-04-26,1033.219971,1052.020020,1020.450012,1043.310059,1043.310059,2546300
GOOGL,2018-04-27,1045.540039,1051.699951,1027.589966,1031.449951,1031.449951,2037300
GOOGL,2018-04-30,1034.420044,1038.369995,1018.299988,1018.580017,1018.580017,1724600
GOOGL,2018-05-01,1016.299988,1041.729980,1010.609985,1040.750000,1040.750000,1766300
GOOGL,2018-05-02,1034.000000,1043.979980,1023.159973,1026.050049,1026.050049,1734900
GOOGL,2018-05-03,1025.369995,1030.689941,1007.890015,1026.300049,1026.300049,1964100
GOOGL,2018-05-04,1019.609985,1051.880005,1018.049988,1051.000000,1051.000000,1844600
GOOGL,2018-05-07,1053.890015,1065.000000,1050.270020,1059.459961,1059.459961,1720000
GOOGL,2018-05-08,1064.619995,1065.229980,1051.640015,1058.589966,1058.589966,1301500
GOOGL,2018-05-09,1064.099976,1094.000000,1062.109985,1088.949951,1088.949951,2358000
GOOGL,2018-05-10,1095.000000,1109.410034,1093.880005,1105.469971,1105.469971,1820700
GOOGL,2018-05-11,1100.410034,1109.010010,1097.219971,1103.380005,1103.380005,1525200
GOOGL,2018-05-14,1105.569946,1118.150024,1104.800049,1106.599976,1106.599976,1966900
GOOGL,2018-05-15,1096.900024,1099.119995,1078.780029,1084.869995,1084.869995,1768000
GOOGL,2018-05-16,1085.089966,1094.382446,1081.969971,1093.680054,1093.680054,581401
NFLX,2017-05-16,160.500000,161.179993,159.330002,159.410004,159.410004,3464900
NFLX,2017-05-17,158.089996,158.779999,153.000000,153.199997,153.199997,8184500
NFLX,2017-05-18,153.610001,156.889999,153.240005,155.699997,155.699997,6802700
NFLX,2017-05-19,156.149994,158.050003,155.910004,157.020004,157.020004,4091500
NFLX,2017-05-22,157.860001,158.600006,156.429993,157.160004,157.160004,3744100
NFLX,2017-05-23,157.750000,158.309998,156.800003,157.949997,157.949997,3370900
NFLX,2017-05-24,158.350006,158.479996,157.169998,157.750000,157.750000,2970800
NFLX,2017-05-25,161.000000,164.100006,160.550003,163.050003,163.050003,8561000
NFLX,2017-05-26,162.839996,163.050003,161.119995,162.429993,162.429993,4834300
NFLX,2017-05-30,163.600006,164.750000,162.710007,163.220001,163.220001,4828600
NFLX,2017-05-31,163.610001,164.000000,160.740005,163.070007,163.070007,5328900
NFLX,2017-06-01,163.520004,163.929993,161.699997,162.990005,162.990005,3896300
NFLX,2017-06-02,163.419998,165.360001,162.800003,165.179993,165.179993,4259100
NFLX,2017-06-05,165.490005,165.500000,163.429993,165.059998,165.059998,3875200
NFLX,2017-06-06,164.949997,166.820007,164.509995,165.169998,165.169998,4382100
NFLX,2017-06-07,165.600006,166.399994,164.410004,165.610001,165.610001,3353100
NFLX,2017-06-08,166.119995,166.869995,164.839996,165.880005,165.880005,3695200
NFLX,2017-06-09,166.270004,166.270004,154.500000,158.029999,158.029999,10292000
NFLX,2017-06-12,155.300003,155.529999,148.309998,151.440002,151.440002,14114500
NFLX,2017-06-13,154.380005,155.679993,150.130005,152.720001,152.720001,8484700
NFLX,2017-06-14,154.339996,155.619995,150.279999,152.199997,152.199997,6461800
NFLX,2017-06-15,149.440002,152.559998,147.300003,151.759995,151.759995,7319700
NFLX,2017-06-16,151.449997,153.529999,150.389999,152.380005,152.380005,6909700
NFLX,2017-06-19,154.289993,155.580002,152.410004,153.399994,153.399994,6544300
NFLX,2017-06-20,153.679993,154.500000,151.399994,152.050003,152.050003,4878700
NFLX,2017-06-21,152.500000,155.380005,152.259995,155.029999,155.029999,5803400
NFLX,2017-06-22,155.130005,155.199997,153.699997,154.889999,154.889999,3769200
NFLX,2017-06-23,155.009995,158.190002,153.759995,158.020004,158.020004,6250800
NFLX,2017-06-26,158.779999,159.970001,156.559998,157.500000,157.500000,6016000
NFLX,2017-06-27,156.619995,156.979996,150.720001,151.029999,151.029999,7424300
NFLX,2017-06-28,151.639999,154.199997,150.119995,153.410004,153.410004,5589900
NFLX,2017-06-29,152.820007,152.820007,148.000000,150.089996,150.089996,7142500
NFLX,2017-06-30,149.759995,150.710007,148.419998,149.410004,149.410004,5213300
NFLX,2017-07-03,149.800003,150.449997,145.800003,146.169998,146.169998,3908200
NFLX,2017-07-05,146.580002,148.259995,145.580002,147.610001,147.610001,4627800
NFLX,2017-07-06,146.130005,147.270004,144.250000,146.250000,146.250000,5486500
NFLX,2017-07-07,146.649994,150.750000,146.649994,150.179993,150.179993,5561300
NFLX,2017-07-10,150.339996,153.229996,149.649994,152.669998,152.669998,5360600
NFLX,2017-07-11,152.369995,155.229996,151.550003,154.330002,154.330002,4898600
NFLX,2017-07-12,155.770004,158.800003,155.770004,158.750000,158.750000,8481800
NFLX,2017-07-13,158.509995,160.130005,156.979996,158.210007,158.210007,6700100
NFLX,2017-07-14,159.300003,161.350006,157.970001,161.119995,161.119995,5549200
NFLX,2017-07-17,162.910004,163.550003,160.020004,161.699997,161.699997,17496700
NFLX,2017-07-18,176.119995,185.000000,174.240005,183.600006,183.600006,41587400
NFLX,2017-07-19,182.970001,187.169998,181.750000,183.860001,183.860001,17344300
NFLX,2017-07-20,183.839996,185.919998,182.699997,183.600006,183.600006,7907200
NFLX,2017-07-21,182.720001,191.500000,182.710007,188.539993,188.539993,9277400
NFLX,2017-07-24,188.690002,190.250000,187.009995,187.910004,187.910004,8797300
NFLX,2017-07-25,187.789993,188.660004,185.809998,186.970001,186.970001,5374500
NFLX,2017-07-26,187.699997,189.699997,187.509995,189.080002,189.080002,4479300
NFLX,2017-07-27,189.889999,190.000000,179.380005,182.679993,182.679993,11221000
NFLX,2017-07-28,182.000000,185.029999,181.179993,184.039993,184.039993,6201900
NFLX,2017-07-31,184.259995,184.970001,180.649994,181.660004,181.660004,4883600
NFLX,2017-08-01,182.490005,184.619995,181.429993,182.029999,182.029999,5112700
NFLX,2017-08-02,182.220001,182.570007,177.809998,180.740005,180.740005,5771300
NFLX,2017-08-03,180.529999,181.220001,178.020004,179.229996,179.229996,4627700
NFLX,2017-08-04,179.600006,181.000000,178.500000,180.270004,180.270004,4491100
NFLX,2017-08-07,181.000000,182.270004,179.100006,181.330002,181.330002,4609800
NFLX,2017-08-08,181.369995,181.910004,177.449997,178.360001,178.360001,6104000
NFLX,2017-08-09,171.429993,175.960007,170.009995,175.779999,175.779999,9670500
NFLX,2017-08-10,174.029999,174.449997,167.600006,169.139999,169.139999,9693100
NFLX,2017-08-11,169.860001,172.580002,169.000000,171.399994,171.399994,5022300
NFLX,2017-08-14,169.800003,172.449997,168.800003,171.000000,171.000000,7457100
NFLX,2017-08-15,171.529999,171.880005,168.250000,168.500000,168.500000,5656100
NFLX,2017-08-16,167.500000,170.500000,166.250000,169.979996,169.979996,7013600
NFLX,2017-08-17,169.229996,170.580002,165.720001,166.089996,166.089996,5229200
NFLX,2017-08-18,165.949997,169.970001,165.800003,166.539993,166.539993,7385700
NFLX,2017-08-21,166.910004,168.990005,164.229996,166.759995,166.759995,6480700
NFLX,2017-08-22,167.759995,169.929993,167.039993,169.339996,169.339996,4886300
NFLX,2017-08-23,168.350006,169.639999,166.699997,169.059998,169.059998,4632300
NFLX,2017-08-24,169.860001,171.240005,166.149994,168.130005,168.130005,5361700
NFLX,2017-08-25,168.580002,168.750000,165.500000,165.949997,165.949997,4064000
NFLX,2017-08-28,166.429993,168.669998,165.600006,167.119995,167.119995,3657300
NFLX,2017-08-29,165.000000,169.679993,164.729996,168.809998,168.809998,4620900
NFLX,2017-08-30,169.500000,174.850006,169.369995,174.690002,174.690002,8034700
NFLX,2017-08-31,175.449997,176.240005,173.860001,174.710007,174.710007,6941000
NFLX,2017-09-01,175.550003,176.479996,173.919998,174.740005,174.740005,3813000
NFLX,2017-09-05,173.399994,175.880005,172.440002,174.520004,174.520004,4589500
NFLX,2017-09-06,175.250000,179.460007,173.729996,179.250000,179.250000,8742600
NFLX,2017-09-07,178.800003,180.350006,177.100006,179.000000,179.000000,6036100
NFLX,2017-09-08,178.449997,180.389999,176.250000,176.419998,176.419998,4590800
NFLX,2017-09-11,178.100006,182.470001,178.029999,181.740005,181.740005,5979400
NFLX,2017-09-12,182.550003,185.330002,180.639999,185.149994,185.149994,6689600
NFLX,2017-09-13,184.070007,184.500000,182.550003,183.639999,183.639999,4320300
NFLX,2017-09-14,183.250000,185.289993,182.070007,182.630005,182.630005,4510700
NFLX,2017-09-15,182.729996,184.929993,181.429993,182.350006,182.350006,5591700
NFLX,2017-09-18,183.610001,185.449997,182.729996,184.619995,184.619995,5359600
NFLX,2017-09-19,184.979996,186.229996,184.169998,185.679993,185.679993,4982100
NFLX,2017-09-20,186.100006,186.500000,183.199997,185.509995,185.509995,4625000
NFLX,2017-09-21,185.820007,189.949997,184.509995,188.779999,188.779999,7148100
NFLX,2017-09-22,188.399994,189.850006,186.389999,187.350006,187.350006,5464300
NFLX,2017-09-25,186.460007,186.550003,177.699997,178.550003,178.550003,9367200
NFLX,2017-09-26,180.699997,180.949997,176.550003,179.380005,179.380005,5602500
NFLX,2017-09-27,181.009995,183.339996,180.699997,181.970001,181.970001,5710500
NFLX,2017-09-28,181.250000,181.949997,179.360001,180.699997,180.699997,4077000
NFLX,2017-09-29,180.729996,182.899994,180.649994,181.350006,181.350006,4227900
NFLX,2017-10-02,182.110001,182.800003,176.580002,177.009995,177.009995,7342000
NFLX,2017-10-03,177.649994,179.699997,177.550003,179.190002,179.190002,3956900
NFLX,2017-10-04,181.410004,186.699997,181.250000,184.449997,184.449997,9235900
NFLX,2017-10-05,185.649994,194.490005,184.490005,194.389999,194.389999,19412700
NFLX,2017-10-06,194.300003,198.919998,192.050003,198.020004,198.020004,15348400
NFLX,2017-10-09,199.100006,199.399994,196.559998,196.869995,196.869995,6971700
NFLX,2017-10-10,197.850006,198.300003,192.100006,195.080002,195.080002,6233800
NFLX,2017-10-11,195.570007,196.220001,193.809998,194.949997,194.949997,6450200
NFLX,2017-10-12,196.750000,198.619995,194.710007,195.860001,195.860001,7753300
NFLX,2017-10-13,199.699997,200.820007,197.190002,199.490005,199.490005,12081300
NFLX,2017-10-16,201.949997,202.830002,197.860001,202.679993,202.679993,22105400
NFLX,2017-10-17,200.110001,204.380005,197.770004,199.479996,199.479996,23900100
NFLX,2017-10-18,199.990005,200.009995,194.250000,195.539993,195.539993,11198900
NFLX,2017-10-19,193.009995,195.250000,191.160004,195.130005,195.130005,7034600
NFLX,2017-10-20,195.899994,196.380005,193.770004,194.160004,194.160004,5995600
NFLX,2017-10-23,194.169998,194.899994,191.029999,192.470001,192.470001,6980000
NFLX,2017-10-24,192.750000,196.740005,191.399994,196.020004,196.020004,7069100
NFLX,2017-10-25,195.380005,197.059998,193.009995,193.770004,193.770004,5315300
NFLX,2017-10-26,194.660004,197.610001,194.080002,195.210007,195.210007,5185800
NFLX,2017-10-27,197.199997,200.649994,196.220001,199.539993,199.539993,8128600
NFLX,2017-10-30,199.619995,201.100006,197.070007,198.369995,198.369995,5439600
NFLX,2017-10-31,198.210007,198.589996,195.220001,196.429993,196.429993,5518600
NFLX,2017-11-01,197.240005,199.199997,196.000000,198.000000,198.000000,5017400
NFLX,2017-11-02,197.449997,199.440002,197.089996,199.320007,199.320007,3606300
NFLX,2017-11-03,199.800003,200.550003,197.990005,200.009995,200.009995,3678800
NFLX,2017-11-06,200.000000,202.479996,198.089996,200.130005,200.130005,5846600
NFLX,2017-11-07,200.000000,200.610001,194.800003,195.889999,195.889999,6468000
NFLX,2017-11-08,196.000000,197.089996,194.740005,196.440002,196.440002,4237400
NFLX,2017-11-09,194.460007,194.490005,190.809998,193.899994,193.899994,5979900
NFLX,2017-11-10,191.610001,192.589996,189.500000,192.020004,192.020004,6622200
NFLX,2017-11-13,191.119995,196.050003,191.000000,195.080002,195.080002,4607000
NFLX,2017-11-14,193.639999,195.880005,193.000000,195.710007,195.710007,3450500
NFLX,2017-11-15,194.539993,195.419998,191.529999,192.119995,192.119995,4203100
NFLX,2017-11-16,194.330002,197.699997,193.750000,195.509995,195.509995,5678400
NFLX,2017-11-17,195.740005,195.949997,192.649994,193.199997,193.199997,3906300
NFLX,2017-11-20,193.300003,194.320007,191.899994,194.100006,194.100006,3827500
NFLX,2017-11-21,195.039993,197.520004,194.970001,196.229996,196.229996,4787300
NFLX,2017-11-22,196.580002,196.750000,193.630005,196.320007,196.320007,5895400
NFLX,2017-11-24,196.649994,196.899994,195.330002,195.750000,195.750000,2160500
NFLX,2017-11-27,195.559998,195.850006,194.000000,195.050003,195.050003,3210100
NFLX,2017-11-28,195.339996,199.679993,194.009995,199.179993,199.179993,6981100
NFLX,2017-11-29,198.910004,199.029999,184.320007,188.149994,188.149994,14202700
NFLX,2017-11-30,190.309998,190.860001,186.679993,187.580002,187.580002,6630100
NFLX,2017-12-01,186.990005,189.800003,185.000000,186.820007,186.820007,6219500
NFLX,2017-12-04,189.360001,189.720001,178.380005,184.039993,184.039993,9069800
NFLX,2017-12-05,183.500000,188.139999,181.190002,184.210007,184.210007,5783700
NFLX,2017-12-06,183.380005,186.479996,182.880005,185.300003,185.300003,5490100
NFLX,2017-12-07,185.710007,187.339996,183.220001,185.199997,185.199997,4659500
NFLX,2017-12-08,186.500000,189.419998,186.300003,188.539993,188.539993,4987300
NFLX,2017-12-11,187.850006,189.419998,185.910004,186.220001,186.220001,5298600
NFLX,2017-12-12,186.009995,187.850006,184.820007,185.729996,185.729996,4265900
NFLX,2017-12-13,186.100006,188.690002,185.410004,187.860001,187.860001,4710000
NFLX,2017-12-14,187.979996,192.639999,187.199997,189.559998,189.559998,7792800
NFLX,2017-12-15,189.610001,191.429993,188.009995,190.119995,190.119995,7285600
NFLX,2017-12-18,191.199997,191.649994,188.899994,190.419998,190.419998,5011000
NFLX,2017-12-19,190.179993,190.300003,185.750000,187.020004,187.020004,7033000
NFLX,2017-12-20,187.940002,189.110001,185.259995,188.820007,188.820007,6545400
NFLX,2017-12-21,189.440002,190.949997,187.580002,188.619995,188.619995,4729800
NFLX,2017-12-22,188.330002,190.949997,186.800003,189.940002,189.940002,3878900
NFLX,2017-12-26,189.779999,189.940002,186.399994,187.759995,187.759995,3045700
NFLX,2017-12-27,187.800003,188.100006,185.220001,186.240005,186.240005,4002100
NFLX,2017-12-28,187.179993,194.490005,186.850006,192.710007,192.710007,10107400
NFLX,2017-12-29,192.509995,193.949997,191.220001,191.960007,191.960007,5187600
NFLX,2018-01-02,196.100006,201.649994,195.419998,201.070007,201.070007,10966900
NFLX,2018-01-03,202.050003,206.210007,201.500000,205.050003,205.050003,8591400
NFLX,2018-01-04,206.199997,207.050003,204.000000,205.630005,205.630005,6029600
NFLX,2018-01-05,207.250000,210.020004,205.589996,209.990005,209.990005,7033200
NFLX,2018-01-08,210.020004,212.500000,208.440002,212.050003,212.050003,5580200
NFLX,2018-01-09,212.110001,212.979996,208.589996,209.309998,209.309998,6125900
NFLX,2018-01-10,207.570007,213.639999,206.910004,212.520004,212.520004,5951500
NFLX,2018-01-11,214.289993,217.750000,213.350006,217.240005,217.240005,7659500
NFLX,2018-01-12,217.179993,222.550003,216.000000,221.229996,221.229996,8199400
NFLX,2018-01-16,224.240005,226.070007,217.199997,221.529999,221.529999,13516100
NFLX,2018-01-17,221.000000,221.149994,216.320007,217.500000,217.500000,9123100
NFLX,2018-01-18,220.339996,220.580002,216.550003,220.330002,220.330002,8225300
NFLX,2018-01-19,222.750000,223.490005,218.500000,220.460007,220.460007,10548600
NFLX,2018-01-22,222.000000,227.789993,221.199997,227.580002,227.580002,17703300
NFLX,2018-01-23,255.050003,257.709991,248.020004,250.289993,250.289993,27705300
NFLX,2018-01-24,250.880005,261.709991,249.309998,261.299988,261.299988,17352400
NFLX,2018-01-25,263.000000,272.299988,260.230011,269.700012,269.700012,15336400
NFLX,2018-01-26,271.489990,274.600006,268.760010,274.600006,274.600006,11021800
NFLX,2018-01-29,274.200012,286.809998,273.920013,284.589996,284.589996,17529700
NFLX,2018-01-30,277.000000,282.730011,272.700012,278.799988,278.799988,12482900
NFLX,2018-01-31,281.940002,282.290009,269.579987,270.299988,270.299988,11695100
NFLX,2018-02-01,266.410004,271.950012,263.380005,265.070007,265.070007,9669000
NFLX,2018-02-02,263.000000,270.619995,262.709991,267.429993,267.429993,9123600
NFLX,2018-02-05,262.000000,267.899994,250.029999,254.259995,254.259995,11896100
NFLX,2018-02-06,247.699997,266.700012,245.000000,265.720001,265.720001,12595800
NFLX,2018-02-07,266.579987,272.450012,264.329987,264.559998,264.559998,8981500
NFLX,2018-02-08,267.079987,267.619995,250.000000,250.100006,250.100006,9306700
NFLX,2018-02-09,253.850006,255.800003,236.110001,249.470001,249.470001,16906900
NFLX,2018-02-12,252.139999,259.149994,249.000000,257.950012,257.950012,8534900
NFLX,2018-02-13,257.290009,261.410004,254.699997,258.269989,258.269989,6855200
NFLX,2018-02-14,260.470001,269.880005,260.329987,266.000000,266.000000,10972000
NFLX,2018-02-15,270.029999,280.500000,267.630005,280.269989,280.269989,10759700
NFLX,2018-02-16,278.730011,281.959991,275.690002,278.519989,278.519989,8312400
NFLX,2018-02-20,277.739990,285.809998,276.609985,278.549988,278.549988,7769000
NFLX,2018-02-21,282.070007,286.640015,280.010010,281.040009,281.040009,9371100
NFLX,2018-02-22,283.880005,284.500000,274.450012,278.140015,278.140015,8891500
NFLX,2018-02-23,281.000000,286.000000,277.809998,285.929993,285.929993,7301800
NFLX,2018-02-26,288.750000,295.649994,287.010010,294.160004,294.160004,10268600
NFLX,2018-02-27,294.769989,297.359985,290.589996,290.609985,290.609985,9416500
NFLX,2018-02-28,293.100006,295.750000,290.779999,291.380005,291.380005,7653500
NFLX,2018-03-01,292.750000,295.250000,283.829987,290.390015,290.390015,11932100
NFLX,2018-03-02,284.649994,301.179993,283.230011,301.049988,301.049988,13345300
NFLX,2018-03-05,302.850006,316.910004,297.600006,315.000000,315.000000,18986100
NFLX,2018-03-06,319.880005,325.790009,316.500000,325.220001,325.220001,18525800
NFLX,2018-03-07,320.000000,323.739990,314.549988,321.160004,321.160004,17132200
NFLX,2018-03-08,322.200012,322.920013,314.130005,317.000000,317.000000,11340100
NFLX,2018-03-09,321.329987,331.440002,320.230011,331.440002,331.440002,14500200
NFLX,2018-03-12,333.559998,333.980011,318.600006,321.299988,321.299988,20369200
NFLX,2018-03-13,323.869995,325.839996,313.279999,315.880005,315.880005,12917200
NFLX,2018-03-14,318.160004,323.880005,317.700012,321.549988,321.549988,10475100
NFLX,2018-03-15,323.170013,323.399994,318.140015,321.089996,321.089996,5642900
NFLX,2018-03-16,321.420013,324.109985,318.369995,318.450012,318.450012,7333700
NFLX,2018-03-19,315.799988,317.000000,307.339996,313.480011,313.480011,9925200
NFLX,2018-03-20,313.260010,319.500000,312.799988,317.500000,317.500000,5991900
NFLX,2018-03-21,316.350006,319.399994,314.510010,316.480011,316.480011,5263900
NFLX,2018-03-22,313.070007,314.119995,305.660004,306.700012,306.700012,8063300
NFLX,2018-03-23,307.410004,309.369995,300.359985,300.940002,300.940002,9529900
NFLX,2018-03-26,309.359985,321.029999,302.000000,320.350006,320.350006,11988300
NFLX,2018-03-27,322.489990,322.899994,297.000000,300.690002,300.690002,12068600
NFLX,2018-03-28,298.390015,298.799988,281.609985,285.769989,285.769989,18972900
NFLX,2018-03-29,287.000000,295.350006,275.899994,295.350006,295.350006,19145500
NFLX,2018-04-02,291.940002,292.869995,275.049988,280.290009,280.290009,13405800
NFLX,2018-04-03,285.450012,291.250000,278.010010,283.670013,283.670013,12694900
NFLX,2018-04-04,273.630005,290.309998,271.220001,288.940002,288.940002,12914000
NFLX,2018-04-05,293.149994,299.160004,289.109985,293.970001,293.970001,10655200
NFLX,2018-04-06,289.100006,298.850006,285.649994,288.850006,288.850006,11444800
NFLX,2018-04-09,291.769989,299.549988,289.119995,289.929993,289.929993,9853600
NFLX,2018-04-10,297.679993,298.950012,291.690002,298.070007,298.070007,10660500
NFLX,2018-04-11,302.880005,311.640015,301.820007,303.670013,303.670013,14877400
NFLX,2018-04-12,309.720001,311.130005,306.750000,309.250000,309.250000,10249400
NFLX,2018-04-13,317.290009,317.489990,308.230011,311.649994,311.649994,12046600
NFLX,2018-04-16,315.989990,316.100006,304.000000,307.779999,307.779999,20307900
NFLX,2018-04-17,329.660004,338.619995,323.769989,336.059998,336.059998,33866500
NFLX,2018-04-18,336.299988,338.820007,331.100006,334.519989,334.519989,11221100
NFLX,2018-04-19,332.880005,335.309998,326.769989,332.700012,332.700012,8438800
NFLX,2018-04-20,332.220001,336.510010,326.000000,327.769989,327.769989,9158700
NFLX,2018-04-23,329.149994,331.220001,317.079987,318.690002,318.690002,8968000
NFLX,2018-04-24,319.220001,320.250000,302.309998,307.019989,307.019989,13893200
NFLX,2018-04-25,306.369995,309.980011,292.619995,305.760010,305.760010,14919700
NFLX,2018-04-26,310.000000,316.630005,305.579987,313.980011,313.980011,9266700
NFLX,2018-04-27,316.250000,317.450012,306.500000,311.760010,311.760010,7074400
NFLX,2018-04-30,311.070007,317.880005,310.119995,312.459991,312.459991,6088800
NFLX,2018-05-01,310.359985,313.480011,306.690002,313.299988,313.299988,6036600
NFLX,2018-05-02,311.649994,317.100006,310.399994,313.359985,313.359985,5697100
NFLX,2018-05-03,312.589996,312.589996,305.730011,311.690002,311.690002,6135800
NFLX,2018-05-04,308.709991,320.980011,307.670013,320.089996,320.089996,8209500
NFLX,2018-05-07,321.989990,329.019989,319.339996,326.260010,326.260010,7117800
NFLX,2018-05-08,325.899994,327.350006,323.049988,326.890015,326.890015,4735700
NFLX,2018-05-09,328.790009,331.950012,327.510010,330.299988,330.299988,5633400
NFLX,2018-05-10,331.500000,332.059998,327.339996,329.600006,329.600006,5302300
NFLX,2018-05-11,329.649994,331.260010,324.869995,326.459991,326.459991,4589700
NFLX,2018-05-14,327.250000,330.500000,327.040009,328.529999,328.529999,4089800
NFLX,2018-05-15,325.940002,326.940002,322.429993,326.130005,326.130005,4737500
NFLX,2018-05-16,326.279999,329.640015,325.140015,329.545013,329.545013,2036336
